[
    {
        "id":"a1",
        "name":"Potabilización de agua: AguaPura",
        "description":"Se da inicio a la construcción y/o fortalecimiento de plantas de tratamiento de agua. Esta acción solo está disponible posterior a la utilización de tecnologías que permitan identificar la geolocalización de plantas de tratamiento y la selección de continentes donde esta acción pueda tener impacto",
        "endmode":"manual",
        "endtime":8,
        "newresources":0,
        "zones":[
            7,
            3,
            6,
            3,
            4,
            6
        ],
        "resources":[
            {
                "type":"human",
                "value":5
            },
            {
                "type":"physical",
                "value":15
            },
            {
                "type":"energy",
                "value":10
            }
        ],
        "technologies":[
            "t27"
        ],
        "files":[
            "f2"
        ]
    },
    {
        "id":"a2",
        "name":"Uso de tapabocas: tapaT",
        "description":"Se realiza campaña masiva para uso de tapabocas con dispensación en múltiples sitios de encuentro común: transporte masivo, insitituciones educativas, laborales y comerciales",
        "endmode":"manual",
        "endtime":5,
        "newresources":0,
        "zones":[
            0.5,
            0.5,
            0.5,
            0.5,
            0.5,
            0.5
        ],
        "resources":[
            {
                "type":"human",
                "value":15
            },
            {
                "type":"physical",
                "value":10
            },
            {
                "type":"energy",
                "value":10
            }
        ],
        "technologies":[

        ],
        "files":[

        ]
    },
    {
        "id":"a3",
        "name":"Vacunación: vacunARTE tipo1",
        "description":"Vacunación masiva de mujeres sexualmente activas. Para poder hacer uso de esta acción deberá contar con informe analítico sobre mujeres en estos rangos de edades, de todos los continentes. El uso de esta acción tendrá un efecto principal en África, Asia y América del Sur, aunque tiene efecto en todos los continentes.",
        "endmode":"manual",
        "endtime":10,
        "newresources":0,
        "zones":[
            2,
            1,
            2,
            1,
            1,
            2
        ],
        "resources":[
            {
                "type":"human",
                "value":15
            },
            {
                "type":"physical",
                "value":5
            },
            {
                "type":"energy",
                "value":10
            }
        ],
        "technologies":[

        ],
        "files":[
            "f6"
        ]
    },
    {
        "id":"a4",
        "name":"Campaña de difusión de información: Mantengase informado",
        "description":"Producción de campañas publicitarias con recomendaciones generales de signos de alarma para prevención de la enfermedad como higiene de manos, uso de tapabocas, consultar oportunamente",
        "endmode":"auto",
        "endtime":7,
        "newresources":0,
        "zones":[
            1,
            2,
            2,
            2,
            2,
            2
        ],
        "resources":[
            {
                "type":"human",
                "value":5
            },
            {
                "type":"physical",
                "value":2
            },
            {
                "type":"energy",
                "value":5
            }
        ],
        "technologies":[

        ],
        "files":[

        ]
    },
    {
        "id":"a5",
        "name":"Campaña de difusión de información: Mantengase informado 2",
        "description":"Producción de campañas publicitarias con recomendaciones orientadas a hallazgos encontrados en la población enferma. Para hacer uso de esta acción deberá contar con heramientas tecnológicas que le permitan traducir la información a diferentes lenguajes. El uso de estas recomendaciones tendrá mayor impacto en América del Norte, Oceanía y Asia.",
        "endmode":"auto",
        "endtime":3,
        "newresources":0,
        "zones":[
            2,
            4,
            4,
            2,
            4,
            2
        ],
        "resources":[
            {
                "type":"human",
                "value":5
            },
            {
                "type":"physical",
                "value":5
            },
            {
                "type":"energy",
                "value":8
            }
        ],
        "technologies":[
            "t22"
        ],
        "files":[

        ]
    },
    {
        "id":"a6",
        "name":"Vacunación: vacunARTE tipo 4",
        "description":"Vacunación masiva de niños y ancianos a partir de contar con información relacionada con el grupo etáreo más afectado y con análisis por minería de datos de las características de la infección. Para usar esta acción deberá contar con el uso de tecnologías que le permitan conocer características demográficas de la población y con tecnologías que generen información sobre las características de la infección. El uso de esta acción tendrá un efecto principal en África, Asia y América del Sur, aunque tiene efecto en todos los continentes.",
        "endmode":"manual",
        "endtime":7,
        "newresources":0,
        "zones":[
            6,
            4,
            6,
            3,
            3,
            6
        ],
        "resources":[
            {
                "type":"human",
                "value":10
            },
            {
                "type":"physical",
                "value":10
            },
            {
                "type":"energy",
                "value":10
            }
        ],
        "technologies":[

        ],
        "files":[
            "f5",
            "f18"
        ]
    },
    {
        "id":"a7",
        "name":"Vacunación: vacunARTE tipo 2",
        "description":"Vacunación masiva de personas que tengan contacto con animales domésticos tipo perros y gatos. Para poder hacer uso de esta acción deberá contar con un informe analítico sobre las condiciones de dichos animales en todos los continentes. El uso de esta acción tendrá efecto principalmente en Asia, América del Sur y Oceanía aunque tiene efecto en todos los continentes.",
        "endmode":"manual",
        "endtime":11,
        "newresources":0,
        "zones":[
            1,
            0,
            1,
            1,
            0,
            1
        ],
        "resources":[
            {
                "type":"human",
                "value":15
            },
            {
                "type":"physical",
                "value":10
            },
            {
                "type":"energy",
                "value":10
            }
        ],
        "technologies":[

        ],
        "files":[
            "f7",
            "f8"
        ]
    },
    {
        "id":"a8",
        "name":"Vacunación: vacunARTE tipo 3",
        "description":"Vacunación masiva de personas que tengan contacto con personas con gripa y otros procesos respiratorios altos y bajos. Para poder hacer uso de esta acción deberá contar con un informe analítico sobre las condiciones de las personas afectadas hasta ahora en todos los continentes. El uso de esta acción tendrá efecto principalmente en Norte América, Asia, Europa y Oceanía aunque tiene efecto en todos los continentes. Tenga presente que no debe ejecutarse esta acción si el principal síntoma asociado con la infección es la fiebre.",
        "endmode":"manual",
        "endtime":8,
        "newresources":0,
        "zones":[
            1,
            0,
            1,
            2,
            0,
            2
        ],
        "resources":[
            {
                "type":"human",
                "value":20
            },
            {
                "type":"physical",
                "value":15
            },
            {
                "type":"energy",
                "value":12
            }
        ],
        "technologies":[
            "t8"
        ],
        "files":[
            "f17"
        ]
    },
    {
        "id":"a9",
        "name":"Higiene de manos: ManosLimpias con e-learning",
        "description":"Campaña educativa masiva relacionada con la higienización de manos, para aumentar el alcance se utilizan plataformas de videoconferencia",
        "endmode":"auto",
        "endtime":5,
        "newresources":0,
        "zones":[
            2,
            4,
            3,
            4,
            4,
            2
        ],
        "resources":[
            {
                "type":"human",
                "value":5
            },
            {
                "type":"physical",
                "value":3
            },
            {
                "type":"energy",
                "value":3
            }
        ],
        "technologies":[
            "t1"
        ],
        "files":[

        ]
    },
    {
        "id":"a10",
        "name":"Entrega de artículos de salud a domicilio: TrataT",
        "description":"Dispensación de tapabocas, sueros y demás elementos de salud a partir de uso de apps y dispositivos móviles que permiten realizar envíos desde y hacia su domicilio. Tiene efecto principal en paises con adelanto tecnológico importante como Estados Unidos y algunos países de Europa.",
        "endmode":"manual",
        "endtime":6,
        "newresources":0,
        "zones":[
            1,
            2,
            1,
            2,
            1,
            2
        ],
        "resources":[
            {
                "type":"human",
                "value":10
            },
            {
                "type":"physical",
                "value":10
            },
            {
                "type":"energy",
                "value":15
            }
        ],
        "technologies":[
            "t31"
        ],
        "files":[

        ]
    },
    {
        "id":"a11",
        "name":"Cuarentena: alejaTE",
        "description":"Aislamiento preventivo de población enferma identificada en centros de salud, hospitales y clínicas.",
        "endmode":"manual",
        "endtime":4,
        "newresources":0,
        "zones":[
            3,
            1,
            3,
            1,
            1,
            3
        ],
        "resources":[
            {
                "type":"human",
                "value":15
            },
            {
                "type":"physical",
                "value":10
            },
            {
                "type":"energy",
                "value":15
            }
        ],
        "technologies":[

        ],
        "files":[

        ]
    },
    {
        "id":"a12",
        "name":"Cuarentena: alejaTE recargado",
        "description":"Aislamiento preventivo de población enferma con identificación temprana de personas que aún no presentan síntomas pero que están enfermos. Para hacer uso de esta acción debe contar con información que le suministre quienes están sanos y quienes enfermos. Tiene efecto en todos los continentes.",
        "endmode":"manual",
        "endtime":2,
        "newresources":0,
        "zones":[
            6,
            4,
            7,
            4,
            2,
            5
        ],
        "resources":[
            {
                "type":"human",
                "value":7
            },
            {
                "type":"physical",
                "value":5
            },
            {
                "type":"energy",
                "value":7
            }
        ],
        "technologies":[

        ],
        "files":[
            "f9"
        ]
    },
    {
        "id":"a13",
        "name":"Anticoncepcion: NO+BB",
        "description":"Campaña masiva para promocionar el equilibrio demográfico y prevenir embarazos. Tiene su principal efecto en África, Asia y America del Sur.",
        "endmode":"auto",
        "endtime":5,
        "newresources":0,
        "zones":[
            3,
            -1,
            3,
            -1,
            1,
            3
        ],
        "resources":[
            {
                "type":"human",
                "value":10
            },
            {
                "type":"physical",
                "value":8
            },
            {
                "type":"energy",
                "value":5
            }
        ],
        "technologies":[

        ],
        "files":[

        ]
    },
    {
        "id":"a14",
        "name":"Campaña de difusión de información: conoce+",
        "description":"Repartir volantes y libros con información relacionada con la problemática de salud. Tiene efecto principal en América del Norte, Asia, Europa y Oceanía",
        "endmode":"auto",
        "endtime":5,
        "newresources":0,
        "zones":[
            1,
            2,
            2,
            2,
            2,
            1
        ],
        "resources":[
            {
                "type":"human",
                "value":10
            },
            {
                "type":"physical",
                "value":10
            },
            {
                "type":"energy",
                "value":8
            }
        ],
        "technologies":[

        ],
        "files":[

        ]
    },
    {
        "id":"a15",
        "name":"Campaña de difusión de información: conoce++",
        "description":"Información actualizada sobre lo relacionado con la pandemia, para poder hacer efectiva esta acción deberá contar con dispositivo móvil que cuente con una app que le mantenga informado en tiempo real",
        "endmode":"auto",
        "endtime":3,
        "newresources":0,
        "zones":[
            3,
            1,
            3,
            1,
            2,
            2
        ],
        "resources":[
            {
                "type":"human",
                "value":5
            },
            {
                "type":"physical",
                "value":5
            },
            {
                "type":"energy",
                "value":5
            }
        ],
        "technologies":[
            "t24"
        ],
        "files":[

        ]
    },
    {
        "id":"a16",
        "name":"Campaña de protección del medio ambiente: aTUcuidado",
        "description":"Campaña de conscientización sobre el uso del plástico y limpieza de las fuentes de agua mediante la realización de transmisión en tiempo real del estado y la acumulación de plástico en los mares. Para hacer uso de esta acción debe contar con una tecnología que le permita dicha transmisión. El efecto principal se da en Europa y en África sin embargo tiene efecto en todos los continentes.",
        "endmode":"manual",
        "endtime":7,
        "newresources":0,
        "zones":[
            4,
            3,
            3,
            4,
            2,
            3
        ],
        "resources":[
            {
                "type":"human",
                "value":10
            },
            {
                "type":"physical",
                "value":15
            },
            {
                "type":"energy",
                "value":12
            }
        ],
        "technologies":[
            "t7"
        ],
        "files":[

        ]
    },
    {
        "id":"a17",
        "name":"Brigadas de salud: ConsulteGratis",
        "description":"Conformación de puestos flotantes en las principales ciudades para acceder a servicios en salud gratuitos. Tiene efecto principal en África, América del Norte y Oceanía.",
        "endmode":"manual",
        "endtime":14,
        "newresources":0,
        "zones":[
            3,
            3,
            2,
            2,
            3,
            2
        ],
        "resources":[
            {
                "type":"human",
                "value":15
            },
            {
                "type":"physical",
                "value":20
            },
            {
                "type":"energy",
                "value":20
            }
        ],
        "technologies":[

        ],
        "files":[

        ]
    },
    {
        "id":"a18",
        "name":"Potabilización de agua: AguaPura para todos",
        "description":"Se da inicio a la construcción de plantas de tratamiento en todo el mundo, principalmente en América del Norte y Sur y Europa",
        "endmode":"manual",
        "endtime":8,
        "newresources":0,
        "zones":[
            0,
            5,
            0,
            6,
            0,
            4
        ],
        "resources":[
            {
                "type":"human",
                "value":15
            },
            {
                "type":"physical",
                "value":15
            },
            {
                "type":"energy",
                "value":12
            }
        ],
        "technologies":[

        ],
        "files":[

        ]
    },
    {
        "id":"a19",
        "name":"Tamización: ¿Positivo o Negativo?",
        "description":"Toma de muestras de sangre para procesamiento de pruebas rápidas en enfermedades huerfanas u olvidadas. Tiene mayor efecto en América del Norte y Europa",
        "endmode":"manual",
        "endtime":5,
        "newresources":0,
        "zones":[
            -1,
            3,
            2,
            3,
            2,
            2
        ],
        "resources":[
            {
                "type":"human",
                "value":10
            },
            {
                "type":"physical",
                "value":12
            },
            {
                "type":"energy",
                "value":10
            }
        ],
        "technologies":[

        ],
        "files":[
            "f9"
        ]
    },
    {
        "id":"a20",
        "name":"Uso de tapabocas: tapaT bien",
        "description":"Información de manera personalizada y ajustada a las necesidades del usuario mediante app móvil diseñada para esto",
        "endmode":"auto",
        "endtime":2,
        "newresources":0,
        "zones":[
            2,
            1,
            2,
            2,
            1,
            2
        ],
        "resources":[
            {
                "type":"human",
                "value":15
            },
            {
                "type":"physical",
                "value":5
            },
            {
                "type":"energy",
                "value":5
            }
        ],
        "technologies":[
            "t29"
        ],
        "files":[

        ]
    },
    {
        "id":"a21",
        "name":"Alimentación saludable: BuenComer",
        "description":"Campaña masiva de alimentación saludable con medidas de higiene adecuadas como lavado de manos y potabilización del agua. Tiene su efecto principal en Estados Unidos, Europa y Oceanía",
        "endmode":"auto",
        "endtime":3,
        "newresources":0,
        "zones":[
            1,
            3,
            1,
            0,
            1,
            1
        ],
        "resources":[
            {
                "type":"human",
                "value":10
            },
            {
                "type":"physical",
                "value":5
            },
            {
                "type":"energy",
                "value":5
            }
        ],
        "technologies":[

        ],
        "files":[

        ]
    },
    {
        "id":"a22",
        "name":"Brigadas de salud: e-salud consultaGRATIS",
        "description":"Acceso a teleconsulta con experto en todos los continentes.",
        "endmode":"manual",
        "endtime":4,
        "newresources":0,
        "zones":[
            3,
            3,
            2,
            2,
            3,
            2
        ],
        "resources":[
            {
                "type":"human",
                "value":15
            },
            {
                "type":"physical",
                "value":20
            },
            {
                "type":"energy",
                "value":20
            }
        ],
        "technologies":[

        ],
        "files":[
            "f10"
        ]
    },
    {
        "id":"a23",
        "name":"Distribución del evento en salud: Geoubícate",
        "description":"Permite la visualización de la distribución de la infección en tiempo real",
        "endmode":"manual",
        "endtime":7,
        "newresources":0,
        "zones":[
            3,
            2,
            3,
            2,
            2,
            3
        ],
        "resources":[
            {
                "type":"human",
                "value":10
            },
            {
                "type":"physical",
                "value":15
            },
            {
                "type":"energy",
                "value":10
            }
        ],
        "technologies":[
            "t11"
        ],
        "files":[

        ]
    },
    {
        "id":"a24",
        "name":"Una guía para prevenir enfermedades",
        "description":"Guía de práctica basada en la evidencia científica disponible relacionada con la prevención de la enfermedad. Para responder a la pregunta ¿Cuál es el método más efectivo de prevenir el evento de salud presente en la actualidad en los diferentes continentes? deberá tener acceso a bases de datos bibliográficas y a tecnología de big data o inteligencia artificial que le permita realizar minería de datos. La última tecnología le permitirá conocer las recomendaciones generales acerca de la prevención.",
        "endmode":"manual",
        "endtime":7,
        "newresources":0,
        "zones":[
            4,
            1,
            3,
            1,
            2,
            3
        ],
        "resources":[
            {
                "type":"human",
                "value":10
            },
            {
                "type":"physical",
                "value":12
            },
            {
                "type":"energy",
                "value":12
            }
        ],
        "technologies":[
            "t6"
        ],
        "files":[
            "f13"
        ]
    },
    {
        "id":"a25",
        "name":"Una guía para prevenir enfermedades 2",
        "description":"Guía de práctica basada en la evidencia científica disponible relacionada con la prevención de la salud. Para responder a la pregunta ¿Cuáles son los principales factores de riesgo para contraer el evento en salud en los diferentes continentes? deberá tener acceso a bases de datos bibliográficas y a tecnología de big data o inteligencia artificial que le permita realizar minería de datos. La última tecnología le permitirá conocer respuestas con grado de evidencia.",
        "endmode":"manual",
        "endtime":6,
        "newresources":0,
        "zones":[
            2,
            1,
            2,
            1,
            2,
            1
        ],
        "resources":[
            {
                "type":"human",
                "value":10
            },
            {
                "type":"physical",
                "value":10
            },
            {
                "type":"energy",
                "value":8
            }
        ],
        "technologies":[
            "t6"
        ],
        "files":[
            "f12"
        ]
    },
    {
        "id":"a26",
        "name":"Una guía para evaluar la población",
        "description":"Guía de práctica basada en la evidencia científica disponible relacionada con la evaluación. Para responder a la pregunta ¿A qué tipo de personas se les debería solicitar exámenes y de qué continentes? deberá tener acceso a bases de datos bibliográficas y a tecnología de big data o inteligencia artificial que le permita realizar minería de datos. La última tecnología le permitirá conocer las recomendaciones generales acerca del diagnóstico.",
        "endmode":"manual",
        "endtime":6,
        "newresources":0,
        "zones":[
            3,
            1,
            2,
            1,
            1,
            3
        ],
        "resources":[
            {
                "type":"human",
                "value":10
            },
            {
                "type":"physical",
                "value":10
            },
            {
                "type":"energy",
                "value":12
            }
        ],
        "technologies":[
            "t6"
        ],
        "files":[
            "f11"
        ]
    },
    {
        "id":"a27",
        "name":"Una guía para tratar enfermos",
        "description":"Guía de práctica basada en la evidencia científica disponible relacionada con el tratamiento de la población. Para responder a la pregunta ¿Cuál es el momento más preciso para realizar tratamiento con medicamentos en la población enferma de los diferentes continentes? deberá tener acceso a bases de datos bibliográficas y a tecnología de big data o inteligencia artificial que le permita realizar minería de datos. La última tecnología le permitirá conocer las recomendaciones generales acerca del tratamiento.",
        "endmode":"manual",
        "endtime":6,
        "newresources":0,
        "zones":[
            3,
            1,
            3,
            2,
            1,
            2
        ],
        "resources":[
            {
                "type":"human",
                "value":8
            },
            {
                "type":"physical",
                "value":8
            },
            {
                "type":"energy",
                "value":12
            }
        ],
        "technologies":[
            "t6"
        ],
        "files":[
            "f14",
            "f20"
        ]
    },
    {
        "id":"a28",
        "name":"Conozca el primer caso",
        "description":"Generación de estrategias de información y comunicación a partir de conocer la primera persona afectada. Para hacer uso de esta acción deberá contar con tecnología que le permita acceder a dicha información",
        "endmode":"auto",
        "endtime":4,
        "newresources":0,
        "zones":[
            3,
            2,
            2,
            2,
            3,
            2
        ],
        "resources":[
            {
                "type":"human",
                "value":5
            },
            {
                "type":"physical",
                "value":2
            },
            {
                "type":"energy",
                "value":2
            }
        ],
        "technologies":[

        ],
        "files":[
            "f16"
        ]
    },
    {
        "id":"a29",
        "name":"¿Sigue aliviado?",
        "description":"Creación de comunidad virtual con transferencia de información derivada de signos vitales en tiempo real. Esta acción la puede usar una vez cuente con el dispositivo y aplicativo móvil que le permita hacerlo",
        "endmode":"manual",
        "endtime":8,
        "newresources":0,
        "zones":[
            0,
            0,
            2,
            0,
            0,
            2
        ],
        "resources":[
            {
                "type":"human",
                "value":5
            },
            {
                "type":"physical",
                "value":10
            },
            {
                "type":"energy",
                "value":7
            }
        ],
        "technologies":[
            "t25",
            "t10"
        ],
        "files":[
            "f18"
        ]
    }
]
